{	
	"pages": [
		{
			"path": "pages/index/index",
			"style": {
        		"enablePullDownRefresh": false
			}
		},		
		{
			"path": "pages/detection/index",
			"style": {
        		"enablePullDownRefresh": false
			}
		},	
		{
			"path": "pages/task/index",
			"style": {
        		"enablePullDownRefresh": false
			}
		},	
		{
			"path": "pages/device/index",
			"style": {
        		"enablePullDownRefresh": false
			}
		},
		{
			"path": "pages/mine/index",
			"style": {				
        		"enablePullDownRefresh": false
			}
		}
	],
	"globalStyle": {
		"navigationBarTitleText": "纳智汇云检测",
		"backgroundColor": "#F8F8F8",
		"navigationBarTextStyle": "black",
		"navigationBarBackgroundColor": "#FFFFFF"
	},
	"tabBar": {
		"color": "#7A7E83",
		"selectedColor": "#175CE3",
		"borderStyle": "black",
		"backgroundColor": "#FFFFFF",
		"height": "50px",
		"fontSize": "10px",
		"iconWidth": "24px",
		"spacing": "3px",
		"list": [ {
			"pagePath": "pages/detection/index",			
			"text": ""
		}, {
			"pagePath": "pages/task/index",			
			"text": ""
		}, {
			"pagePath": "pages/device/index",			
			"text": ""
		}, {
			"pagePath": "pages/mine/index",			
			"text": ""
		}]
	}
}
